703.jpeg,19
429.jpeg,26
1156.jpeg,38
1167.jpeg,26
1380.jpeg,46
1130.jpeg,30
409.jpeg,32
147.jpeg,26
1361.jpeg,10
219.jpeg,48
502.jpeg,32
124.jpeg,41
813.jpeg,32
422.jpeg,40
355.jpeg,40
857.jpeg,15
1040.jpeg,18
182.jpeg,3
685.jpeg,22
612.jpeg,20
1220.jpeg,17
1010.jpeg,12
453.jpeg,8
700.jpeg,12
1109.jpeg,38
1477.jpeg,37
817.jpeg,19
944.jpeg,10
628.jpeg,28
1285.jpeg,44
903.jpeg,20
1166.jpeg,18
766.jpeg,28
1115.jpeg,30
474.jpeg,45
267.jpeg,0
687.jpeg,39
895.jpeg,30
1325.jpeg,11
306.jpeg,36
643.jpeg,40
83.jpeg,25
421.jpeg,30
1382.jpeg,36
157.jpeg,4
108.jpeg,41
392.jpeg,14
210.jpeg,7
1202.jpeg,13
952.jpeg,45
1450.jpeg,35
1249.jpeg,9
868.jpeg,30
974.jpeg,39
91.jpeg,7
1254.jpeg,11
960.jpeg,1
316.jpeg,14
517.jpeg,44
552.jpeg,2
757.jpeg,48
1136.jpeg,17
906.jpeg,12
184.jpeg,35
1022.jpeg,5
575.jpeg,1
967.jpeg,34
328.jpeg,29
94.jpeg,49
816.jpeg,5
983.jpeg,17
255.jpeg,35
1181.jpeg,28
874.jpeg,16
326.jpeg,26
673.jpeg,7
1206.jpeg,21
1044.jpeg,32
379.jpeg,14
1090.jpeg,36
477.jpeg,0
659.jpeg,4
382.jpeg,47
1088.jpeg,32
1345.jpeg,21
663.jpeg,34
1366.jpeg,25
1409.jpeg,27
1430.jpeg,30
375.jpeg,44
942.jpeg,22
1074.jpeg,35
354.jpeg,6
951.jpeg,0
16.jpeg,13
1176.jpeg,42
291.jpeg,18
220.jpeg,15
704.jpeg,20
1348.jpeg,9
1065.jpeg,46
464.jpeg,10
79.jpeg,34
476.jpeg,48
1261.jpeg,22
332.jpeg,20
458.jpeg,34
988.jpeg,0
521.jpeg,10
667.jpeg,19
384.jpeg,41
698.jpeg,19
166.jpeg,46
104.jpeg,28
1291.jpeg,49
1389.jpeg,31
497.jpeg,25
658.jpeg,5
755.jpeg,4
1412.jpeg,46
310.jpeg,24
4.jpeg,39
118.jpeg,39
189.jpeg,28
101.jpeg,8
1048.jpeg,7
50.jpeg,5
1391.jpeg,42
1454.jpeg,15
203.jpeg,27
1498.jpeg,40
965.jpeg,28
1388.jpeg,27
259.jpeg,19
1199.jpeg,21
1288.jpeg,6
1428.jpeg,45
636.jpeg,19
64.jpeg,13
957.jpeg,35
1253.jpeg,49
1113.jpeg,6
1150.jpeg,38
1465.jpeg,39
448.jpeg,4
1053.jpeg,31
756.jpeg,16
661.jpeg,45
562.jpeg,33
548.jpeg,30
152.jpeg,36
948.jpeg,42
209.jpeg,36
97.jpeg,30
645.jpeg,9
1033.jpeg,7
342.jpeg,27
545.jpeg,13
280.jpeg,20
828.jpeg,25
1446.jpeg,6
1197.jpeg,7
1267.jpeg,30
1257.jpeg,12
427.jpeg,15
837.jpeg,20
1298.jpeg,11
797.jpeg,9
655.jpeg,6
1349.jpeg,20
238.jpeg,24
439.jpeg,31
246.jpeg,8
264.jpeg,10
337.jpeg,26
709.jpeg,6
1270.jpeg,21
499.jpeg,29
1195.jpeg,8
1280.jpeg,38
850.jpeg,28
519.jpeg,28
338.jpeg,14
1023.jpeg,15
680.jpeg,32
258.jpeg,8
369.jpeg,44
1164.jpeg,27
363.jpeg,11
301.jpeg,24
1124.jpeg,29
70.jpeg,10
181.jpeg,5
1172.jpeg,34
112.jpeg,28
1474.jpeg,49
282.jpeg,26
441.jpeg,46
276.jpeg,13
1263.jpeg,38
830.jpeg,20
1058.jpeg,34
1333.jpeg,29
56.jpeg,11
1117.jpeg,38
882.jpeg,16
1052.jpeg,7
40.jpeg,13
1006.jpeg,22
1241.jpeg,17
1379.jpeg,42
1480.jpeg,46
833.jpeg,1
1302.jpeg,8
662.jpeg,35
1129.jpeg,20
695.jpeg,38
615.jpeg,48
385.jpeg,39
1353.jpeg,28
777.jpeg,47
705.jpeg,39
1238.jpeg,7
1144.jpeg,12
1239.jpeg,41
138.jpeg,47
1209.jpeg,0
807.jpeg,12
423.jpeg,7
1075.jpeg,41
1148.jpeg,30
492.jpeg,36
424.jpeg,14
1386.jpeg,38
22.jpeg,39
954.jpeg,15
1014.jpeg,38
889.jpeg,26
1405.jpeg,42
368.jpeg,38
438.jpeg,20
48.jpeg,16
539.jpeg,8
1460.jpeg,41
130.jpeg,20
299.jpeg,32
1214.jpeg,38
347.jpeg,8
1128.jpeg,18
231.jpeg,3
1303.jpeg,41
411.jpeg,5
275.jpeg,2
1071.jpeg,4
445.jpeg,9
272.jpeg,22
1390.jpeg,8
42.jpeg,34
1417.jpeg,5
905.jpeg,11
1423.jpeg,35
93.jpeg,35
1083.jpeg,31
300.jpeg,18
1355.jpeg,8
962.jpeg,0
845.jpeg,30
1032.jpeg,49
1094.jpeg,15
1059.jpeg,23
970.jpeg,2
707.jpeg,15
1122.jpeg,3
763.jpeg,5
194.jpeg,7
92.jpeg,29
1282.jpeg,32
400.jpeg,18
293.jpeg,36
745.jpeg,3
1215.jpeg,24
1455.jpeg,30
193.jpeg,33
819.jpeg,47
447.jpeg,5
241.jpeg,6
1442.jpeg,2
358.jpeg,47
113.jpeg,13
1162.jpeg,45
892.jpeg,36
624.jpeg,45
341.jpeg,2
647.jpeg,23
897.jpeg,41
1418.jpeg,0
244.jpeg,2
1121.jpeg,5
1432.jpeg,27
1020.jpeg,33
1452.jpeg,18
679.jpeg,39
12.jpeg,26
388.jpeg,20
1106.jpeg,20
1080.jpeg,45
1387.jpeg,5
955.jpeg,14
1307.jpeg,40
588.jpeg,33
1194.jpeg,24
718.jpeg,29
1050.jpeg,47
1188.jpeg,23
489.jpeg,33
1029.jpeg,33
339.jpeg,18
260.jpeg,12
1372.jpeg,33
37.jpeg,48
185.jpeg,24
529.jpeg,7
759.jpeg,33
1184.jpeg,18
1201.jpeg,26
1131.jpeg,35
550.jpeg,19
826.jpeg,17
626.jpeg,38
1488.jpeg,26
964.jpeg,35
1407.jpeg,19
212.jpeg,20
917.jpeg,11
391.jpeg,5
669.jpeg,46
51.jpeg,38
1141.jpeg,26
415.jpeg,24
557.jpeg,46
941.jpeg,24
349.jpeg,36
1312.jpeg,41
1368.jpeg,39
1317.jpeg,21
252.jpeg,11
190.jpeg,24
776.jpeg,19
67.jpeg,8
1327.jpeg,13
151.jpeg,3
69.jpeg,49
1344.jpeg,16
780.jpeg,29
1340.jpeg,32
1101.jpeg,35
982.jpeg,14
1229.jpeg,34
307.jpeg,20
591.jpeg,45
739.jpeg,41
1056.jpeg,20
1496.jpeg,12
49.jpeg,16
31.jpeg,38
1259.jpeg,4
751.jpeg,15
89.jpeg,5
916.jpeg,36
525.jpeg,30
1107.jpeg,28
1192.jpeg,11
572.jpeg,31
532.jpeg,30
318.jpeg,12
770.jpeg,12
909.jpeg,2
829.jpeg,47
174.jpeg,38
360.jpeg,38
811.jpeg,21
395.jpeg,23
1133.jpeg,42
637.jpeg,13
799.jpeg,2
47.jpeg,48
1003.jpeg,20
461.jpeg,32
901.jpeg,22
652.jpeg,17
98.jpeg,39
462.jpeg,8
1011.jpeg,16
691.jpeg,0
582.jpeg,40
978.jpeg,41
198.jpeg,10
879.jpeg,9
991.jpeg,3
99.jpeg,6
475.jpeg,2
1145.jpeg,21
1085.jpeg,41
314.jpeg,26
671.jpeg,26
269.jpeg,27
201.jpeg,30
888.jpeg,3
274.jpeg,1
547.jpeg,28
2.jpeg,14
1356.jpeg,45
1326.jpeg,4
1363.jpeg,45
984.jpeg,15
57.jpeg,28
178.jpeg,18
918.jpeg,2
172.jpeg,11
416.jpeg,21
714.jpeg,11
1226.jpeg,22
177.jpeg,14
803.jpeg,5
1424.jpeg,34
1290.jpeg,23
1180.jpeg,17
1471.jpeg,11
1064.jpeg,8
560.jpeg,48
472.jpeg,2
959.jpeg,18
743.jpeg,44
1200.jpeg,49
1015.jpeg,3
495.jpeg,44
531.jpeg,31
145.jpeg,35
794.jpeg,40
634.jpeg,35
120.jpeg,46
936.jpeg,44
1381.jpeg,5
1347.jpeg,47
994.jpeg,40
44.jpeg,22
84.jpeg,33
1093.jpeg,46
846.jpeg,0
535.jpeg,18
675.jpeg,35
900.jpeg,11
1019.jpeg,49
55.jpeg,6
490.jpeg,8
434.jpeg,4
1233.jpeg,12
75.jpeg,38
335.jpeg,28
558.jpeg,4
1316.jpeg,12
1429.jpeg,2
160.jpeg,26
343.jpeg,47
356.jpeg,47
536.jpeg,44
848.jpeg,39
523.jpeg,39
72.jpeg,13
5.jpeg,19
501.jpeg,36
289.jpeg,3
1483.jpeg,21
869.jpeg,41
351.jpeg,31
397.jpeg,44
792.jpeg,4
333.jpeg,13
1140.jpeg,4
1024.jpeg,13
561.jpeg,42
372.jpeg,16
858.jpeg,26
1501.jpeg,10
217.jpeg,38
907.jpeg,5
1495.jpeg,49
683.jpeg,14
1258.jpeg,24
841.jpeg,41
1255.jpeg,15
1152.jpeg,19
483.jpeg,18
196.jpeg,2
1342.jpeg,41
568.jpeg,46
123.jpeg,35
313.jpeg,41
365.jpeg,21
587.jpeg,11
935.jpeg,14
298.jpeg,22
1061.jpeg,13
648.jpeg,9
1323.jpeg,42
642.jpeg,14
526.jpeg,39
1443.jpeg,46
1321.jpeg,40
1301.jpeg,4
32.jpeg,13
430.jpeg,14
362.jpeg,41
466.jpeg,16
1426.jpeg,49
538.jpeg,38
383.jpeg,8
602.jpeg,12
1335.jpeg,9
1421.jpeg,1
223.jpeg,19
621.jpeg,14
849.jpeg,8
1392.jpeg,49
723.jpeg,29
855.jpeg,39
746.jpeg,44
958.jpeg,16
581.jpeg,35
3.jpeg,14
1287.jpeg,40
297.jpeg,46
1001.jpeg,16
173.jpeg,4
465.jpeg,23
1235.jpeg,26
1350.jpeg,39
1099.jpeg,14
1458.jpeg,5
1132.jpeg,8
1240.jpeg,16
262.jpeg,4
806.jpeg,16
132.jpeg,3
1284.jpeg,0
1120.jpeg,38
1441.jpeg,27
1069.jpeg,20
793.jpeg,42
728.jpeg,35
1207.jpeg,0
1096.jpeg,47
1062.jpeg,42
1295.jpeg,32
1456.jpeg,29
479.jpeg,40
1154.jpeg,40
144.jpeg,18
320.jpeg,13
613.jpeg,22
80.jpeg,44
1231.jpeg,8
689.jpeg,22
823.jpeg,38
371.jpeg,25
802.jpeg,18
134.jpeg,27
1193.jpeg,40
90.jpeg,18
1286.jpeg,8
987.jpeg,36
449.jpeg,12
1362.jpeg,14
764.jpeg,49
1112.jpeg,3
394.jpeg,4
440.jpeg,31
564.jpeg,26
608.jpeg,35
191.jpeg,46
998.jpeg,22
321.jpeg,3
15.jpeg,42
202.jpeg,7
1383.jpeg,46
1499.jpeg,26
787.jpeg,20
437.jpeg,1
1.jpeg,14
1149.jpeg,0
1108.jpeg,0
866.jpeg,13
1422.jpeg,46
1016.jpeg,41
861.jpeg,26
1230.jpeg,36
980.jpeg,28
911.jpeg,45
972.jpeg,19
930.jpeg,29
666.jpeg,25
1160.jpeg,15
340.jpeg,44
925.jpeg,4
268.jpeg,3
710.jpeg,5
563.jpeg,4
1384.jpeg,19
446.jpeg,19
1005.jpeg,16
758.jpeg,7
1449.jpeg,15
702.jpeg,41
742.jpeg,16
62.jpeg,9
352.jpeg,49
482.jpeg,31
1410.jpeg,42
1357.jpeg,10
284.jpeg,47
510.jpeg,19
975.jpeg,7
295.jpeg,35
1077.jpeg,45
1311.jpeg,30
625.jpeg,20
149.jpeg,46
1468.jpeg,28
20.jpeg,8
809.jpeg,49
30.jpeg,14
248.jpeg,33
1403.jpeg,6
1000.jpeg,35
800.jpeg,46
1217.jpeg,26
859.jpeg,47
518.jpeg,10
96.jpeg,27
325.jpeg,5
767.jpeg,42
163.jpeg,27
1227.jpeg,15
1500.jpeg,19
1025.jpeg,26
1183.jpeg,21
398.jpeg,26
699.jpeg,21
614.jpeg,29
1427.jpeg,46
1189.jpeg,13
315.jpeg,19
729.jpeg,22
1336.jpeg,14
1177.jpeg,4
769.jpeg,23
141.jpeg,30
1186.jpeg,38
512.jpeg,36
795.jpeg,32
753.jpeg,39
71.jpeg,33
1224.jpeg,39
1489.jpeg,20
432.jpeg,49
1472.jpeg,24
1155.jpeg,44
1497.jpeg,30
261.jpeg,6
1481.jpeg,8
1031.jpeg,14
154.jpeg,40
762.jpeg,38
1292.jpeg,13
722.jpeg,5
570.jpeg,33
838.jpeg,2
235.jpeg,11
121.jpeg,22
677.jpeg,0
716.jpeg,11
43.jpeg,0
741.jpeg,17
577.jpeg,35
534.jpeg,36
796.jpeg,34
1248.jpeg,35
880.jpeg,25
386.jpeg,43
24.jpeg,1
540.jpeg,15
1448.jpeg,39
1343.jpeg,32
1367.jpeg,36
207.jpeg,9
232.jpeg,40
1464.jpeg,32
1401.jpeg,45
824.jpeg,29
1459.jpeg,6
968.jpeg,21
631.jpeg,10
491.jpeg,28
1352.jpeg,0
508.jpeg,28
920.jpeg,32
498.jpeg,0
668.jpeg,25
926.jpeg,23
938.jpeg,9
1103.jpeg,47
912.jpeg,26
893.jpeg,29
1063.jpeg,16
485.jpeg,39
1251.jpeg,40
1414.jpeg,4
1385.jpeg,40
73.jpeg,45
74.jpeg,18
216.jpeg,32
303.jpeg,37
224.jpeg,31
1105.jpeg,6
949.jpeg,27
690.jpeg,30
969.jpeg,6
1371.jpeg,34
1095.jpeg,3
1322.jpeg,6
1216.jpeg,45
804.jpeg,32
463.jpeg,17
1377.jpeg,16
686.jpeg,33
344.jpeg,16
188.jpeg,23
435.jpeg,27
457.jpeg,24
270.jpeg,34
1017.jpeg,2
822.jpeg,2
990.jpeg,36
961.jpeg,22
283.jpeg,3
865.jpeg,39
374.jpeg,10
63.jpeg,33
600.jpeg,23
245.jpeg,42
481.jpeg,28
847.jpeg,38
247.jpeg,15
559.jpeg,6
555.jpeg,0
688.jpeg,16
1081.jpeg,35
1277.jpeg,10
733.jpeg,24
1463.jpeg,40
818.jpeg,39
551.jpeg,37
902.jpeg,30
60.jpeg,33
771.jpeg,28
165.jpeg,22
1142.jpeg,24
139.jpeg,22
1328.jpeg,42
665.jpeg,29
908.jpeg,40
627.jpeg,26
393.jpeg,41
14.jpeg,38
1305.jpeg,48
214.jpeg,2
717.jpeg,48
750.jpeg,13
169.jpeg,26
692.jpeg,8
1378.jpeg,1
904.jpeg,27
1334.jpeg,3
452.jpeg,40
142.jpeg,0
527.jpeg,4
567.jpeg,33
1205.jpeg,22
1237.jpeg,1
273.jpeg,33
1330.jpeg,32
304.jpeg,32
88.jpeg,3
943.jpeg,36
81.jpeg,44
986.jpeg,18
1079.jpeg,13
1221.jpeg,24
870.jpeg,4
85.jpeg,18
161.jpeg,5
1173.jpeg,44
38.jpeg,46
731.jpeg,35
470.jpeg,4
1397.jpeg,39
644.jpeg,40
480.jpeg,18
1159.jpeg,31
53.jpeg,27
854.jpeg,19
820.jpeg,28
1089.jpeg,23
1196.jpeg,12
1394.jpeg,33
672.jpeg,23
1171.jpeg,17
676.jpeg,44
578.jpeg,19
1300.jpeg,4
1245.jpeg,1
396.jpeg,30
1482.jpeg,21
11.jpeg,46
989.jpeg,13
583.jpeg,47
620.jpeg,26
1244.jpeg,7
886.jpeg,41
1445.jpeg,8
444.jpeg,48
1329.jpeg,5
738.jpeg,39
1066.jpeg,33
727.jpeg,28
403.jpeg,10
1161.jpeg,31
605.jpeg,16
929.jpeg,47
513.jpeg,5
103.jpeg,38
460.jpeg,17
878.jpeg,35
1408.jpeg,10
504.jpeg,47
327.jpeg,1
1138.jpeg,17
137.jpeg,36
580.jpeg,36
1373.jpeg,41
515.jpeg,33
336.jpeg,21
33.jpeg,7
609.jpeg,6
1469.jpeg,11
1431.jpeg,49
54.jpeg,14
279.jpeg,12
1346.jpeg,8
1210.jpeg,37
791.jpeg,27
1478.jpeg,3
1275.jpeg,44
1273.jpeg,42
725.jpeg,49
199.jpeg,16
835.jpeg,42
522.jpeg,0
1110.jpeg,42
35.jpeg,34
329.jpeg,30
910.jpeg,10
635.jpeg,16
1163.jpeg,47
1411.jpeg,0
511.jpeg,44
1470.jpeg,34
125.jpeg,13
1476.jpeg,34
450.jpeg,31
726.jpeg,26
592.jpeg,39
500.jpeg,49
640.jpeg,13
399.jpeg,39
1375.jpeg,22
566.jpeg,11
1493.jpeg,42
713.jpeg,34
1219.jpeg,11
200.jpeg,20
454.jpeg,14
405.jpeg,29
544.jpeg,23
873.jpeg,1
1234.jpeg,30
380.jpeg,11
494.jpeg,34
1169.jpeg,35
1212.jpeg,17
1060.jpeg,6
36.jpeg,20
887.jpeg,45
732.jpeg,0
995.jpeg,7
589.jpeg,10
370.jpeg,21
1406.jpeg,30
389.jpeg,27
622.jpeg,49
419.jpeg,2
1185.jpeg,29
158.jpeg,40
992.jpeg,36
773.jpeg,30
1178.jpeg,49
569.jpeg,6
701.jpeg,12
451.jpeg,35
711.jpeg,49
1437.jpeg,7
1139.jpeg,11
150.jpeg,12
1243.jpeg,26
778.jpeg,31
1135.jpeg,14
18.jpeg,17
1297.jpeg,23
881.jpeg,35
1151.jpeg,36
277.jpeg,19
985.jpeg,32
1320.jpeg,44
1222.jpeg,30
1294.jpeg,48
133.jpeg,0
1008.jpeg,21
533.jpeg,28
26.jpeg,13
840.jpeg,7
359.jpeg,4
856.jpeg,42
175.jpeg,31
1190.jpeg,7
52.jpeg,23
222.jpeg,18
670.jpeg,39
1049.jpeg,9
1492.jpeg,20
471.jpeg,2
242.jpeg,6
128.jpeg,42
1473.jpeg,2
885.jpeg,7
162.jpeg,39
9.jpeg,30
657.jpeg,14
706.jpeg,33
211.jpeg,36
1396.jpeg,27
140.jpeg,46
1467.jpeg,46
761.jpeg,29
939.jpeg,30
928.jpeg,13
1490.jpeg,34
1402.jpeg,32
1461.jpeg,31
774.jpeg,21
1204.jpeg,13
1170.jpeg,39
330.jpeg,24
413.jpeg,21
1485.jpeg,44
59.jpeg,3
927.jpeg,39
323.jpeg,49
404.jpeg,30
1339.jpeg,20
496.jpeg,8
115.jpeg,16
1153.jpeg,12
973.jpeg,28
520.jpeg,5
77.jpeg,16
39.jpeg,40
281.jpeg,13
1002.jpeg,30
790.jpeg,38
287.jpeg,46
1487.jpeg,46
229.jpeg,27
1400.jpeg,20
610.jpeg,34
412.jpeg,9
1068.jpeg,39
19.jpeg,36
1440.jpeg,46
350.jpeg,22
693.jpeg,35
883.jpeg,47
401.jpeg,9
832.jpeg,8
1351.jpeg,40
225.jpeg,0
192.jpeg,16
1012.jpeg,4
595.jpeg,31
871.jpeg,5
1037.jpeg,9
250.jpeg,42
1318.jpeg,40
786.jpeg,38
213.jpeg,44
1434.jpeg,16
1043.jpeg,23
1462.jpeg,47
740.jpeg,13
240.jpeg,3
1370.jpeg,20
1182.jpeg,30
127.jpeg,29
305.jpeg,8
708.jpeg,38
594.jpeg,8
126.jpeg,14
1042.jpeg,5
27.jpeg,10
1232.jpeg,21
1271.jpeg,28
956.jpeg,22
473.jpeg,8
410.jpeg,2
176.jpeg,35
1279.jpeg,24
107.jpeg,36
195.jpeg,29
891.jpeg,25
271.jpeg,30
1337.jpeg,26
317.jpeg,30
331.jpeg,12
831.jpeg,27
1225.jpeg,30
1252.jpeg,35
334.jpeg,14
898.jpeg,2
922.jpeg,18
827.jpeg,5
1179.jpeg,17
694.jpeg,31
58.jpeg,44
65.jpeg,47
1376.jpeg,46
230.jpeg,10
921.jpeg,46
488.jpeg,26
752.jpeg,46
999.jpeg,8
950.jpeg,27
1269.jpeg,21
1114.jpeg,2
1324.jpeg,0
598.jpeg,17
197.jpeg,2
1027.jpeg,35
844.jpeg,14
1425.jpeg,35
1072.jpeg,18
1147.jpeg,44
784.jpeg,39
765.jpeg,0
1299.jpeg,31
1039.jpeg,47
632.jpeg,1
23.jpeg,15
417.jpeg,2
623.jpeg,24
808.jpeg,12
528.jpeg,35
720.jpeg,19
1354.jpeg,8
947.jpeg,24
17.jpeg,30
387.jpeg,7
872.jpeg,46
1369.jpeg,4
788.jpeg,1
381.jpeg,38
931.jpeg,16
1097.jpeg,0
87.jpeg,23
585.jpeg,7
45.jpeg,36
1276.jpeg,41
1119.jpeg,15
117.jpeg,21
426.jpeg,14
1123.jpeg,15
1018.jpeg,8
167.jpeg,25
1415.jpeg,29
8.jpeg,49
364.jpeg,18
953.jpeg,15
1399.jpeg,5
933.jpeg,20
633.jpeg,44
664.jpeg,21
649.jpeg,38
456.jpeg,4
348.jpeg,41
205.jpeg,30
1451.jpeg,9
418.jpeg,19
233.jpeg,49
1393.jpeg,20
1070.jpeg,13
932.jpeg,39
468.jpeg,0
100.jpeg,18
6.jpeg,0
324.jpeg,36
576.jpeg,24
653.jpeg,13
862.jpeg,30
1203.jpeg,44
367.jpeg,21
1211.jpeg,40
674.jpeg,0
68.jpeg,46
1439.jpeg,10
66.jpeg,40
1265.jpeg,18
86.jpeg,30
715.jpeg,18
1098.jpeg,40
1502.jpeg,10
1047.jpeg,19
619.jpeg,15
1175.jpeg,2
815.jpeg,48
319.jpeg,36
1028.jpeg,14
748.jpeg,21
41.jpeg,38
734.jpeg,21
1213.jpeg,7
312.jpeg,13
378.jpeg,6
629.jpeg,42
641.jpeg,17
46.jpeg,26
884.jpeg,30
345.jpeg,2
1341.jpeg,13
541.jpeg,24
443.jpeg,3
851.jpeg,11
836.jpeg,46
311.jpeg,46
524.jpeg,34
1358.jpeg,19
1398.jpeg,5
257.jpeg,47
1091.jpeg,8
607.jpeg,40
603.jpeg,29
366.jpeg,21
1475.jpeg,8
1466.jpeg,18
1484.jpeg,0
357.jpeg,47
76.jpeg,46
542.jpeg,1
876.jpeg,27
768.jpeg,1
546.jpeg,17
919.jpeg,31
106.jpeg,39
1420.jpeg,11
428.jpeg,29
302.jpeg,27
249.jpeg,36
253.jpeg,5
783.jpeg,20
308.jpeg,39
654.jpeg,7
487.jpeg,39
7.jpeg,6
606.jpeg,1
993.jpeg,8
1084.jpeg,35
571.jpeg,24
913.jpeg,4
1332.jpeg,34
376.jpeg,31
981.jpeg,46
420.jpeg,39
1126.jpeg,45
503.jpeg,29
1264.jpeg,23
215.jpeg,1
573.jpeg,41
1168.jpeg,21
256.jpeg,17
1100.jpeg,20
877.jpeg,1
1435.jpeg,1
996.jpeg,22
537.jpeg,46
170.jpeg,49
1331.jpeg,49
1359.jpeg,24
1313.jpeg,4
1092.jpeg,49
681.jpeg,48
646.jpeg,14
377.jpeg,38
187.jpeg,28
1223.jpeg,0
1026.jpeg,32
285.jpeg,27
843.jpeg,28
1242.jpeg,46
814.jpeg,23
478.jpeg,19
785.jpeg,36
1057.jpeg,17
506.jpeg,9
772.jpeg,33
204.jpeg,15
556.jpeg,6
431.jpeg,3
239.jpeg,20
1030.jpeg,23
1134.jpeg,8
309.jpeg,40
278.jpeg,38
208.jpeg,35
1404.jpeg,12
516.jpeg,36
373.jpeg,33
801.jpeg,24
1436.jpeg,40
630.jpeg,40
782.jpeg,42
135.jpeg,33
945.jpeg,5
171.jpeg,7
1004.jpeg,40
684.jpeg,1
660.jpeg,36
601.jpeg,31
1360.jpeg,44
433.jpeg,14
290.jpeg,11
805.jpeg,17
924.jpeg,48
1076.jpeg,11
61.jpeg,10
798.jpeg,3
736.jpeg,5
408.jpeg,3
1457.jpeg,0
760.jpeg,32
946.jpeg,40
599.jpeg,23
1191.jpeg,9
775.jpeg,24
509.jpeg,46
639.jpeg,40
875.jpeg,1
737.jpeg,29
1127.jpeg,48
724.jpeg,18
810.jpeg,22
221.jpeg,15
696.jpeg,45
34.jpeg,15
1296.jpeg,38
1395.jpeg,14
1041.jpeg,38
1158.jpeg,4
1246.jpeg,29
143.jpeg,48
407.jpeg,29
467.jpeg,18
218.jpeg,15
530.jpeg,20
1146.jpeg,2
1187.jpeg,9
1419.jpeg,11
1266.jpeg,45
963.jpeg,24
353.jpeg,23
1218.jpeg,41
25.jpeg,24
1087.jpeg,14
553.jpeg,4
186.jpeg,49
286.jpeg,1
894.jpeg,2
1208.jpeg,36
1046.jpeg,24
228.jpeg,16
1272.jpeg,8
1438.jpeg,26
486.jpeg,16
251.jpeg,18
183.jpeg,29
590.jpeg,26
1073.jpeg,35
1125.jpeg,30
934.jpeg,16
860.jpeg,29
543.jpeg,35
744.jpeg,10
1293.jpeg,19
109.jpeg,20
1289.jpeg,21
234.jpeg,48
586.jpeg,39
1416.jpeg,40
119.jpeg,10
719.jpeg,48
712.jpeg,17
593.jpeg,21
1247.jpeg,27
549.jpeg,15
78.jpeg,30
834.jpeg,40
979.jpeg,33
102.jpeg,38
406.jpeg,28
10.jpeg,39
554.jpeg,10
842.jpeg,19
514.jpeg,38
1281.jpeg,31
1365.jpeg,45
749.jpeg,41
730.jpeg,16
1283.jpeg,48
179.jpeg,19
678.jpeg,1
1118.jpeg,11
1165.jpeg,48
839.jpeg,15
997.jpeg,45
1045.jpeg,44
111.jpeg,19
1486.jpeg,23
159.jpeg,36
1491.jpeg,8
754.jpeg,0
1111.jpeg,23
1086.jpeg,9
574.jpeg,2
1338.jpeg,9
923.jpeg,8
13.jpeg,38
1268.jpeg,9
940.jpeg,29
1009.jpeg,21
153.jpeg,36
442.jpeg,4
747.jpeg,46
0.jpeg,42
156.jpeg,47
136.jpeg,23
1102.jpeg,45
1309.jpeg,22
95.jpeg,3
105.jpeg,16
131.jpeg,32
292.jpeg,11
227.jpeg,22
812.jpeg,6
1082.jpeg,12
890.jpeg,12
164.jpeg,35
1308.jpeg,42
122.jpeg,10
226.jpeg,10
168.jpeg,10
682.jpeg,17
1078.jpeg,4
971.jpeg,17
1051.jpeg,1
1038.jpeg,33
596.jpeg,17
1413.jpeg,16
1013.jpeg,45
505.jpeg,17
852.jpeg,28
1278.jpeg,40
1364.jpeg,48
110.jpeg,26
129.jpeg,40
565.jpeg,8
1453.jpeg,21
114.jpeg,8
864.jpeg,38
296.jpeg,12
29.jpeg,31
1021.jpeg,13
254.jpeg,11
243.jpeg,27
977.jpeg,41
825.jpeg,3
1067.jpeg,32
650.jpeg,13
1198.jpeg,14
735.jpeg,28
1306.jpeg,7
1262.jpeg,48
459.jpeg,10
1433.jpeg,4
914.jpeg,42
155.jpeg,8
1157.jpeg,31
1494.jpeg,24
1228.jpeg,39
436.jpeg,21
638.jpeg,40
915.jpeg,46
579.jpeg,36
1036.jpeg,2
1260.jpeg,42
1104.jpeg,19
469.jpeg,11
206.jpeg,45
1007.jpeg,12
1374.jpeg,44
1174.jpeg,19
937.jpeg,10
148.jpeg,46
507.jpeg,29
1444.jpeg,15
455.jpeg,38
288.jpeg,39
1256.jpeg,7
863.jpeg,45
651.jpeg,35
1035.jpeg,33
896.jpeg,0
265.jpeg,6
116.jpeg,2
976.jpeg,22
617.jpeg,45
1310.jpeg,38
484.jpeg,28
697.jpeg,7
1274.jpeg,40
1315.jpeg,13
789.jpeg,47
1236.jpeg,40
656.jpeg,11
1304.jpeg,28
618.jpeg,46
1250.jpeg,47
1319.jpeg,22
1116.jpeg,16
899.jpeg,39
966.jpeg,40
493.jpeg,44
867.jpeg,8
21.jpeg,35
82.jpeg,35
390.jpeg,24
322.jpeg,38
1447.jpeg,11
1137.jpeg,45
236.jpeg,8
263.jpeg,11
28.jpeg,15
1314.jpeg,13
346.jpeg,35
781.jpeg,47
1054.jpeg,7
616.jpeg,41
604.jpeg,22
180.jpeg,48
402.jpeg,3
584.jpeg,33
1143.jpeg,43
721.jpeg,19
853.jpeg,18
294.jpeg,25
597.jpeg,46
1479.jpeg,22
361.jpeg,17
821.jpeg,16
1055.jpeg,45
611.jpeg,32
425.jpeg,44
414.jpeg,23
146.jpeg,34
779.jpeg,14
1034.jpeg,33
266.jpeg,46
237.jpeg,6
